account_id,customer_id,account_type,creation_date,segment,risk_profile,status,home_region,expected_activity_category,is_synthetic_suspicious,scenario_id
ACC-A-001,CUST-A-001,current,2025-07-23T12:00:00,sme,low,active,Mumbai,small_business,False,SCENARIO-001
ACC-B-001,CUST-B-001,current,2026-04-19T12:00:00,retail,low,active,Mumbai,merchant,True,SCENARIO-001
ACC-C-001,CUST-C-001,savings,2026-06-03T12:00:00,retail,low,active,Mumbai,salary,False,
ACC-D-001,CUST-D-001,savings,2026-01-26T12:00:00,retail,low,active,Mumbai,salary,False,
ACC-E-001,CUST-E-001,savings,2026-02-10T12:00:00,retail,low,active,Mumbai,student,False,
ACC-F-001,CUST-F-001,savings,2026-02-21T12:00:00,retail,low,active,Mumbai,salary,False,
ACC-G-001,CUST-G-001,savings,2026-04-05T12:00:00,retail,low,active,Mumbai,student,False,
ACC-0100,CUST-0100,current,2022-08-30T12:00:00,corporate,low,active,Delhi,merchant,False,
ACC-0101,CUST-0101,savings,2026-04-11T12:00:00,retail,low,active,Mumbai,student,False,
ACC-0102,CUST-0102,savings,2025-02-24T12:00:00,retail,low,active,Mumbai,salary,False,
ACC-0103,CUST-0103,savings,2022-06-10T12:00:00,retail,low,active,Kolkata,student,False,
ACC-0104,CUST-0104,savings,2023-02-25T12:00:00,retail,low,active,Hyderabad,salary,False,
ACC-0105,CUST-0105,current,2026-06-02T12:00:00,corporate,low,active,Bangalore,merchant,False,
ACC-0106,CUST-0106,savings,2024-07-19T12:00:00,retail,low,active,Hyderabad,student,False,
ACC-0107,CUST-0107,savings,2021-02-01T12:00:00,retail,low,active,Pune,salary,False,
ACC-0108,CUST-0108,savings,2024-04-28T12:00:00,retail,low,active,Delhi,salary,False,
ACC-0109,CUST-0109,savings,2024-07-11T12:00:00,retail,low,active,Hyderabad,salary,False,
ACC-0110,CUST-0110,current,2022-05-13T12:00:00,corporate,low,active,Ahmedabad,merchant,False,
ACC-0111,CUST-0111,savings,2021-04-14T12:00:00,retail,low,active,Kolkata,student,False,
ACC-0112,CUST-0112,savings,2024-10-23T12:00:00,retail,low,active,Pune,salary,False,
ACC-0113,CUST-0113,savings,2022-07-04T12:00:00,retail,low,active,Delhi,student,False,
ACC-0114,CUST-0114,savings,2025-03-06T12:00:00,retail,low,active,Hyderabad,salary,False,
ACC-0115,CUST-0115,current,2021-08-29T12:00:00,sme,low,active,Chennai,small_business,False,
ACC-0116,CUST-0116,current,2024-04-28T12:00:00,corporate,low,active,Hyderabad,merchant,False,
ACC-0117,CUST-0117,savings,2021-10-11T12:00:00,retail,low,active,Pune,salary,False,
ACC-0118,CUST-0118,savings,2024-06-18T12:00:00,retail,low,active,Chennai,salary,False,
ACC-0119,CUST-0119,savings,2022-07-09T12:00:00,retail,low,active,Delhi,student,False,
ACC-0120,CUST-0120,savings,2025-06-30T12:00:00,retail,low,active,Chennai,student,False,
ACC-0121,CUST-0121,savings,2024-04-29T12:00:00,retail,low,active,Hyderabad,salary,False,
ACC-0122,CUST-0122,current,2022-11-13T12:00:00,sme,low,active,Chennai,small_business,False,
ACC-0123,CUST-0123,savings,2021-09-23T12:00:00,retail,low,active,Mumbai,student,False,
ACC-0124,CUST-0124,savings,2026-04-11T12:00:00,retail,low,active,Pune,salary,False,
ACC-0125,CUST-0125,savings,2026-01-31T12:00:00,retail,low,active,Chennai,salary,False,
ACC-0126,CUST-0126,current,2023-04-11T12:00:00,sme,low,active,Pune,small_business,False,
ACC-0127,CUST-0127,savings,2023-08-28T12:00:00,retail,low,active,Kolkata,salary,False,
ACC-0128,CUST-0128,current,2022-11-07T12:00:00,corporate,low,active,Ahmedabad,merchant,False,
ACC-0129,CUST-0129,savings,2025-09-03T12:00:00,retail,low,active,Chennai,salary,False,
ACC-0130,CUST-0130,current,2023-06-08T12:00:00,corporate,low,active,Hyderabad,merchant,False,
ACC-0131,CUST-0131,current,2024-01-20T12:00:00,corporate,low,active,Kolkata,merchant,False,
ACC-0132,CUST-0132,savings,2025-09-05T12:00:00,retail,low,active,Ahmedabad,salary,False,
ACC-0133,CUST-0133,savings,2026-03-11T12:00:00,retail,low,active,Delhi,salary,False,
ACC-0134,CUST-0134,savings,2025-07-23T12:00:00,retail,low,active,Kolkata,salary,False,
ACC-0135,CUST-0135,savings,2024-04-18T12:00:00,retail,low,active,Kolkata,student,False,
ACC-0136,CUST-0136,savings,2023-10-31T12:00:00,retail,low,active,Hyderabad,student,False,
ACC-0137,CUST-0137,current,2021-08-18T12:00:00,sme,low,active,Mumbai,small_business,False,
ACC-0138,CUST-0138,savings,2025-10-24T12:00:00,retail,low,active,Hyderabad,student,False,
ACC-0139,CUST-0139,current,2024-07-19T12:00:00,corporate,low,active,Delhi,merchant,False,
ACC-0140,CUST-0140,savings,2025-07-27T12:00:00,retail,low,active,Ahmedabad,salary,False,
ACC-0141,CUST-0141,savings,2022-05-29T12:00:00,retail,low,active,Hyderabad,salary,False,
ACC-0142,CUST-0142,current,2022-03-08T12:00:00,sme,low,active,Bangalore,small_business,False,
ACC-0143,CUST-0143,savings,2025-11-10T12:00:00,retail,low,active,Hyderabad,student,False,
ACC-0144,CUST-0144,current,2023-08-11T12:00:00,corporate,low,active,Chennai,merchant,False,
ACC-0145,CUST-0145,savings,2022-03-07T12:00:00,retail,low,active,Bangalore,salary,False,
ACC-0146,CUST-0146,savings,2022-02-02T12:00:00,retail,low,active,Mumbai,student,False,
ACC-0147,CUST-0147,savings,2023-09-19T12:00:00,retail,low,active,Mumbai,student,False,
ACC-0148,CUST-0148,savings,2024-06-02T12:00:00,retail,low,active,Hyderabad,salary,False,
ACC-0149,CUST-0149,savings,2025-02-07T12:00:00,retail,low,active,Delhi,salary,False,
ACC-0150,CUST-0150,savings,2023-09-24T12:00:00,retail,low,active,Delhi,salary,False,
ACC-0151,CUST-0151,current,2023-06-21T12:00:00,sme,low,active,Bangalore,small_business,False,
ACC-0152,CUST-0152,savings,2023-10-16T12:00:00,retail,low,active,Bangalore,salary,False,
ACC-0153,CUST-0153,savings,2021-07-25T12:00:00,retail,low,active,Kolkata,salary,False,
ACC-0154,CUST-0154,current,2021-03-31T12:00:00,sme,low,active,Chennai,small_business,False,
ACC-0155,CUST-0155,current,2024-03-20T12:00:00,corporate,low,active,Pune,merchant,False,
ACC-0156,CUST-0156,savings,2023-07-22T12:00:00,retail,low,active,Ahmedabad,salary,False,
ACC-0157,CUST-0157,savings,2025-03-12T12:00:00,retail,low,active,Delhi,salary,False,
ACC-0158,CUST-0158,savings,2023-02-27T12:00:00,retail,low,active,Chennai,salary,False,
ACC-0159,CUST-0159,savings,2026-06-01T12:00:00,retail,low,active,Delhi,student,False,
ACC-0160,CUST-0160,current,2026-02-15T12:00:00,corporate,low,active,Chennai,merchant,False,
ACC-0161,CUST-0161,savings,2026-04-12T12:00:00,retail,low,active,Pune,salary,False,
ACC-0162,CUST-0162,savings,2025-02-13T12:00:00,retail,low,active,Hyderabad,salary,False,
ACC-0163,CUST-0163,savings,2025-04-03T12:00:00,retail,low,active,Bangalore,student,False,
ACC-0164,CUST-0164,current,2021-07-04T12:00:00,corporate,low,active,Ahmedabad,merchant,False,
ACC-0165,CUST-0165,savings,2023-10-21T12:00:00,retail,low,active,Kolkata,salary,False,
ACC-0166,CUST-0166,savings,2025-11-29T12:00:00,retail,low,active,Kolkata,salary,False,
ACC-0167,CUST-0167,savings,2024-02-25T12:00:00,retail,low,active,Ahmedabad,salary,False,
ACC-0168,CUST-0168,current,2026-02-25T12:00:00,corporate,low,active,Delhi,merchant,False,
ACC-0169,CUST-0169,savings,2022-05-16T12:00:00,retail,low,active,Pune,salary,False,
ACC-0170,CUST-0170,current,2025-11-04T12:00:00,corporate,low,active,Chennai,merchant,False,
ACC-0171,CUST-0171,savings,2023-06-13T12:00:00,retail,low,active,Ahmedabad,salary,False,
ACC-0172,CUST-0172,savings,2025-06-05T12:00:00,retail,low,active,Hyderabad,salary,False,
ACC-0173,CUST-0173,savings,2021-07-21T12:00:00,retail,low,active,Delhi,salary,False,
ACC-0174,CUST-0174,savings,2021-08-16T12:00:00,retail,low,active,Delhi,salary,False,
ACC-0175,CUST-0175,savings,2023-06-04T12:00:00,retail,low,active,Mumbai,salary,False,
ACC-0176,CUST-0176,current,2021-04-05T12:00:00,sme,low,active,Chennai,small_business,False,
ACC-0177,CUST-0177,savings,2023-09-25T12:00:00,retail,low,active,Ahmedabad,salary,False,
ACC-0178,CUST-0178,savings,2024-03-16T12:00:00,retail,low,active,Mumbai,salary,False,
ACC-0179,CUST-0179,savings,2026-06-11T12:00:00,retail,low,active,Kolkata,salary,False,
ACC-0180,CUST-0180,savings,2022-01-22T12:00:00,retail,low,active,Ahmedabad,salary,False,
ACC-0181,CUST-0181,savings,2022-07-20T12:00:00,retail,low,active,Ahmedabad,salary,False,
ACC-0182,CUST-0182,savings,2024-10-16T12:00:00,retail,low,active,Chennai,salary,False,
ACC-0183,CUST-0183,current,2023-03-17T12:00:00,sme,low,active,Mumbai,small_business,False,
ACC-0184,CUST-0184,current,2026-02-18T12:00:00,corporate,low,active,Mumbai,merchant,False,
ACC-0185,CUST-0185,savings,2023-08-21T12:00:00,retail,low,active,Bangalore,student,False,
ACC-0186,CUST-0186,savings,2023-08-10T12:00:00,retail,low,active,Delhi,salary,False,
ACC-0187,CUST-0187,current,2026-01-26T12:00:00,corporate,low,active,Delhi,merchant,False,
ACC-0188,CUST-0188,savings,2025-02-19T12:00:00,retail,low,active,Kolkata,student,False,
ACC-0189,CUST-0189,savings,2021-06-18T12:00:00,retail,low,active,Chennai,salary,False,
ACC-0190,CUST-0190,savings,2026-03-26T12:00:00,retail,low,active,Delhi,student,False,
ACC-0191,CUST-0191,savings,2023-03-08T12:00:00,retail,low,active,Pune,salary,False,
ACC-0192,CUST-0192,current,2025-04-23T12:00:00,sme,low,active,Pune,small_business,False,
ACC-0193,CUST-0193,savings,2024-03-27T12:00:00,retail,low,active,Bangalore,salary,False,
ACC-0194,CUST-0194,savings,2024-10-09T12:00:00,retail,low,active,Ahmedabad,student,False,
ACC-0195,CUST-0195,savings,2022-03-29T12:00:00,retail,low,active,Delhi,salary,False,
ACC-0196,CUST-0196,savings,2022-12-21T12:00:00,retail,low,active,Delhi,salary,False,
ACC-0197,CUST-0197,savings,2025-04-05T12:00:00,retail,low,active,Hyderabad,salary,False,
ACC-0198,CUST-0198,savings,2024-07-01T12:00:00,retail,low,active,Delhi,salary,False,
ACC-0199,CUST-0199,current,2024-05-20T12:00:00,corporate,low,active,Hyderabad,merchant,False,
ACC-0200,CUST-0200,savings,2021-10-12T12:00:00,retail,low,active,Hyderabad,salary,False,
ACC-0201,CUST-0201,savings,2021-12-06T12:00:00,retail,low,active,Mumbai,student,False,
ACC-0202,CUST-0202,savings,2023-05-07T12:00:00,retail,low,active,Hyderabad,student,False,
ACC-0203,CUST-0203,current,2025-11-15T12:00:00,sme,low,active,Bangalore,small_business,False,
ACC-0204,CUST-0204,savings,2021-06-19T12:00:00,retail,low,active,Delhi,salary,False,
ACC-0205,CUST-0205,current,2025-08-01T12:00:00,corporate,low,active,Hyderabad,merchant,False,
ACC-0206,CUST-0206,savings,2025-04-10T12:00:00,retail,low,active,Pune,salary,False,
ACC-0207,CUST-0207,savings,2022-11-25T12:00:00,retail,low,active,Hyderabad,salary,False,
ACC-0208,CUST-0208,savings,2025-01-17T12:00:00,retail,low,active,Mumbai,student,False,
ACC-0209,CUST-0209,savings,2024-01-30T12:00:00,retail,low,active,Hyderabad,salary,False,
ACC-0210,CUST-0210,savings,2024-08-01T12:00:00,retail,low,active,Bangalore,salary,False,
ACC-0211,CUST-0211,savings,2024-12-26T12:00:00,retail,low,active,Bangalore,student,False,
ACC-0212,CUST-0212,current,2023-05-13T12:00:00,corporate,low,active,Kolkata,merchant,False,
ACC-0213,CUST-0213,savings,2025-10-29T12:00:00,retail,low,active,Delhi,student,False,
ACC-0214,CUST-0214,current,2022-07-31T12:00:00,sme,low,active,Bangalore,small_business,False,
ACC-0215,CUST-0215,savings,2021-10-10T12:00:00,retail,low,active,Pune,student,False,
ACC-0216,CUST-0216,savings,2025-08-16T12:00:00,retail,low,active,Kolkata,student,False,
ACC-0217,CUST-0217,savings,2024-09-22T12:00:00,retail,low,active,Pune,salary,False,
ACC-0218,CUST-0218,current,2021-12-28T12:00:00,corporate,low,active,Mumbai,merchant,False,
ACC-0219,CUST-0219,current,2025-04-11T12:00:00,corporate,low,active,Chennai,merchant,False,
ACC-0220,CUST-0220,savings,2024-06-21T12:00:00,retail,low,active,Kolkata,student,False,
ACC-0221,CUST-0221,current,2022-04-03T12:00:00,sme,low,active,Bangalore,small_business,False,
ACC-0222,CUST-0222,current,2025-02-16T12:00:00,sme,low,active,Bangalore,small_business,False,
ACC-0223,CUST-0223,current,2021-11-28T12:00:00,sme,low,active,Bangalore,small_business,False,
ACC-0224,CUST-0224,current,2026-04-26T12:00:00,corporate,low,active,Bangalore,merchant,False,
ACC-0225,CUST-0225,current,2024-08-04T12:00:00,corporate,low,active,Kolkata,merchant,False,
ACC-0226,CUST-0226,current,2021-08-11T12:00:00,corporate,low,active,Chennai,merchant,False,
ACC-0227,CUST-0227,savings,2022-01-15T12:00:00,retail,low,active,Delhi,salary,False,
ACC-0228,CUST-0228,savings,2026-03-28T12:00:00,retail,low,active,Ahmedabad,salary,False,
ACC-0229,CUST-0229,savings,2021-11-16T12:00:00,retail,low,active,Ahmedabad,salary,False,
ACC-0230,CUST-0230,savings,2021-11-08T12:00:00,retail,low,active,Chennai,salary,False,
ACC-0231,CUST-0231,savings,2022-10-03T12:00:00,retail,low,active,Chennai,salary,False,
ACC-0232,CUST-0232,savings,2024-11-22T12:00:00,retail,low,active,Delhi,salary,False,
ACC-0233,CUST-0233,current,2024-11-21T12:00:00,sme,low,active,Pune,small_business,False,
ACC-0234,CUST-0234,savings,2024-03-19T12:00:00,retail,low,active,Pune,student,False,
ACC-0235,CUST-0235,current,2025-10-22T12:00:00,sme,low,active,Hyderabad,small_business,False,
ACC-0236,CUST-0236,savings,2024-12-19T12:00:00,retail,low,active,Mumbai,salary,False,
ACC-0237,CUST-0237,savings,2024-01-08T12:00:00,retail,low,active,Pune,salary,False,
ACC-0238,CUST-0238,current,2024-09-11T12:00:00,corporate,low,active,Kolkata,merchant,False,
ACC-0239,CUST-0239,savings,2023-08-03T12:00:00,retail,low,active,Delhi,student,False,
ACC-0240,CUST-0240,savings,2023-03-23T12:00:00,retail,low,active,Chennai,salary,False,
ACC-0241,CUST-0241,savings,2022-06-25T12:00:00,retail,low,active,Kolkata,salary,False,
ACC-0242,CUST-0242,savings,2021-04-07T12:00:00,retail,low,active,Chennai,salary,False,
ACC-0243,CUST-0243,savings,2026-01-23T12:00:00,retail,low,active,Pune,salary,False,
ACC-0244,CUST-0244,savings,2022-09-26T12:00:00,retail,low,active,Delhi,student,False,
ACC-0245,CUST-0245,current,2024-10-08T12:00:00,corporate,low,active,Hyderabad,merchant,False,
ACC-0246,CUST-0246,savings,2024-08-16T12:00:00,retail,low,active,Kolkata,student,False,
ACC-0247,CUST-0247,savings,2023-05-07T12:00:00,retail,low,active,Bangalore,student,False,
ACC-0248,CUST-0248,savings,2022-09-23T12:00:00,retail,low,active,Kolkata,salary,False,
ACC-0249,CUST-0249,savings,2021-05-24T12:00:00,retail,low,active,Bangalore,student,False,
ACC-0250,CUST-0250,savings,2024-10-07T12:00:00,retail,low,active,Kolkata,student,False,
ACC-0251,CUST-0251,savings,2026-06-15T12:00:00,retail,low,active,Hyderabad,student,False,
ACC-0252,CUST-0252,savings,2024-01-17T12:00:00,retail,low,active,Pune,salary,False,
ACC-0253,CUST-0253,savings,2023-12-23T12:00:00,retail,low,active,Chennai,salary,False,
ACC-0254,CUST-0254,savings,2022-01-02T12:00:00,retail,low,active,Bangalore,student,False,
ACC-0255,CUST-0255,savings,2024-11-11T12:00:00,retail,low,active,Pune,student,False,
ACC-0256,CUST-0256,savings,2021-02-12T12:00:00,retail,low,active,Chennai,salary,False,
ACC-0257,CUST-0257,savings,2025-03-12T12:00:00,retail,low,active,Chennai,student,False,
ACC-0258,CUST-0258,savings,2026-03-13T12:00:00,retail,low,active,Chennai,salary,False,
ACC-0259,CUST-0259,current,2023-01-11T12:00:00,sme,low,active,Delhi,small_business,False,
ACC-0260,CUST-0260,savings,2021-06-27T12:00:00,retail,low,active,Chennai,salary,False,
ACC-0261,CUST-0261,current,2024-04-20T12:00:00,corporate,low,active,Ahmedabad,merchant,False,
ACC-0262,CUST-0262,savings,2025-08-17T12:00:00,retail,low,active,Mumbai,salary,False,
ACC-0263,CUST-0263,current,2021-08-18T12:00:00,corporate,low,active,Delhi,merchant,False,
ACC-0264,CUST-0264,current,2025-03-24T12:00:00,corporate,low,active,Bangalore,merchant,False,
ACC-0265,CUST-0265,current,2022-07-21T12:00:00,corporate,low,active,Ahmedabad,merchant,False,
ACC-0266,CUST-0266,savings,2025-01-21T12:00:00,retail,low,active,Delhi,salary,False,
ACC-0267,CUST-0267,savings,2021-12-17T12:00:00,retail,low,active,Ahmedabad,salary,False,
ACC-0268,CUST-0268,savings,2023-04-28T12:00:00,retail,low,active,Pune,student,False,
ACC-0269,CUST-0269,current,2021-06-16T12:00:00,sme,low,active,Ahmedabad,small_business,False,
ACC-0270,CUST-0270,savings,2022-06-03T12:00:00,retail,low,active,Kolkata,student,False,
ACC-0271,CUST-0271,current,2023-05-20T12:00:00,corporate,low,active,Ahmedabad,merchant,False,
ACC-0272,CUST-0272,current,2022-04-14T12:00:00,corporate,low,active,Ahmedabad,merchant,False,
ACC-0273,CUST-0273,savings,2022-03-29T12:00:00,retail,low,active,Chennai,salary,False,
ACC-0274,CUST-0274,current,2024-11-25T12:00:00,corporate,low,active,Ahmedabad,merchant,False,
ACC-0275,CUST-0275,savings,2024-11-30T12:00:00,retail,low,active,Ahmedabad,student,False,
ACC-0276,CUST-0276,savings,2024-11-07T12:00:00,retail,low,active,Chennai,salary,False,
ACC-0277,CUST-0277,savings,2024-08-30T12:00:00,retail,low,active,Delhi,salary,False,
ACC-0278,CUST-0278,savings,2025-02-27T12:00:00,retail,low,active,Kolkata,salary,False,
ACC-0279,CUST-0279,savings,2022-06-30T12:00:00,retail,low,active,Chennai,student,False,
ACC-0280,CUST-0280,savings,2024-03-03T12:00:00,retail,low,active,Pune,salary,False,
ACC-0281,CUST-0281,savings,2024-02-15T12:00:00,retail,low,active,Mumbai,student,False,
ACC-0282,CUST-0282,savings,2024-02-06T12:00:00,retail,low,active,Kolkata,salary,False,
ACC-0283,CUST-0283,current,2023-03-07T12:00:00,sme,low,active,Mumbai,small_business,False,
ACC-0284,CUST-0284,current,2022-03-01T12:00:00,corporate,low,active,Kolkata,merchant,False,
ACC-0285,CUST-0285,savings,2021-03-03T12:00:00,retail,low,active,Pune,salary,False,
ACC-0286,CUST-0286,savings,2024-04-08T12:00:00,retail,low,active,Kolkata,salary,False,
ACC-0287,CUST-0287,savings,2022-05-03T12:00:00,retail,low,active,Chennai,student,False,
ACC-0288,CUST-0288,savings,2024-12-04T12:00:00,retail,low,active,Kolkata,salary,False,
ACC-0289,CUST-0289,savings,2024-04-10T12:00:00,retail,low,active,Pune,salary,False,
ACC-0290,CUST-0290,savings,2021-12-24T12:00:00,retail,low,active,Kolkata,student,False,
ACC-0291,CUST-0291,current,2021-09-28T12:00:00,corporate,low,active,Ahmedabad,merchant,False,
ACC-0292,CUST-0292,current,2022-12-19T12:00:00,sme,low,active,Mumbai,small_business,False,
ACC-0293,CUST-0293,current,2023-02-19T12:00:00,sme,low,active,Mumbai,small_business,False,
ACC-0294,CUST-0294,savings,2024-01-20T12:00:00,retail,low,active,Bangalore,salary,False,
ACC-0295,CUST-0295,current,2025-06-08T12:00:00,corporate,low,active,Mumbai,merchant,False,
ACC-0296,CUST-0296,savings,2024-08-14T12:00:00,retail,low,active,Chennai,salary,False,
ACC-0297,CUST-0297,savings,2024-07-24T12:00:00,retail,low,active,Kolkata,salary,False,
ACC-0298,CUST-0298,savings,2021-02-13T12:00:00,retail,low,active,Kolkata,salary,False,
ACC-0299,CUST-0299,savings,2025-12-30T12:00:00,retail,low,active,Ahmedabad,salary,False,
ACC-0300,CUST-0300,savings,2023-06-07T12:00:00,retail,low,active,Mumbai,salary,False,
ACC-0301,CUST-0301,current,2024-06-29T12:00:00,sme,low,active,Chennai,small_business,False,
ACC-0302,CUST-0302,savings,2022-01-28T12:00:00,retail,low,active,Mumbai,student,False,
ACC-0303,CUST-0303,current,2021-02-17T12:00:00,corporate,low,active,Chennai,merchant,False,
ACC-0304,CUST-0304,savings,2026-05-05T12:00:00,retail,low,active,Bangalore,salary,False,
ACC-0305,CUST-0305,savings,2023-10-20T12:00:00,retail,low,active,Delhi,salary,False,
ACC-0306,CUST-0306,savings,2025-03-26T12:00:00,retail,low,active,Ahmedabad,student,False,
ACC-0307,CUST-0307,savings,2022-02-26T12:00:00,retail,low,active,Pune,student,False,
ACC-0308,CUST-0308,savings,2023-01-19T12:00:00,retail,low,active,Delhi,salary,False,
ACC-0309,CUST-0309,current,2025-07-15T12:00:00,corporate,low,active,Hyderabad,merchant,False,
ACC-0310,CUST-0310,savings,2026-04-24T12:00:00,retail,low,active,Hyderabad,salary,False,
ACC-0311,CUST-0311,savings,2021-05-13T12:00:00,retail,low,active,Kolkata,student,False,
ACC-0312,CUST-0312,savings,2022-06-12T12:00:00,retail,low,active,Chennai,salary,False,
ACC-0313,CUST-0313,savings,2022-08-01T12:00:00,retail,low,active,Chennai,salary,False,
ACC-0314,CUST-0314,savings,2022-02-14T12:00:00,retail,low,active,Hyderabad,salary,False,
ACC-0315,CUST-0315,current,2023-02-02T12:00:00,corporate,low,active,Delhi,merchant,False,
ACC-0316,CUST-0316,current,2023-04-13T12:00:00,corporate,low,active,Mumbai,merchant,False,
ACC-0317,CUST-0317,savings,2024-01-20T12:00:00,retail,low,active,Pune,salary,False,
ACC-0318,CUST-0318,savings,2022-10-28T12:00:00,retail,low,active,Pune,salary,False,
ACC-0319,CUST-0319,savings,2024-02-06T12:00:00,retail,low,active,Ahmedabad,salary,False,
ACC-0320,CUST-0320,savings,2021-01-25T12:00:00,retail,low,active,Pune,salary,False,
ACC-0321,CUST-0321,savings,2021-10-22T12:00:00,retail,low,active,Ahmedabad,student,False,
ACC-0322,CUST-0322,current,2024-01-06T12:00:00,corporate,low,active,Bangalore,merchant,False,
ACC-0323,CUST-0323,current,2022-10-22T12:00:00,corporate,low,active,Hyderabad,merchant,False,
ACC-0324,CUST-0324,savings,2021-04-19T12:00:00,retail,low,active,Ahmedabad,student,False,
ACC-0325,CUST-0325,savings,2021-10-28T12:00:00,retail,low,active,Hyderabad,salary,False,
ACC-0326,CUST-0326,savings,2025-01-29T12:00:00,retail,low,active,Delhi,salary,False,
ACC-0327,CUST-0327,savings,2023-12-05T12:00:00,retail,low,active,Chennai,salary,False,
ACC-0328,CUST-0328,current,2023-04-05T12:00:00,corporate,low,active,Kolkata,merchant,False,
ACC-0329,CUST-0329,savings,2023-09-07T12:00:00,retail,low,active,Pune,salary,False,
ACC-0330,CUST-0330,savings,2025-04-07T12:00:00,retail,low,active,Pune,salary,False,
ACC-0331,CUST-0331,current,2024-07-18T12:00:00,corporate,low,active,Hyderabad,merchant,False,
ACC-0332,CUST-0332,current,2022-07-10T12:00:00,corporate,low,active,Hyderabad,merchant,False,
ACC-0333,CUST-0333,savings,2023-07-23T12:00:00,retail,low,active,Chennai,student,False,
ACC-0334,CUST-0334,savings,2022-06-02T12:00:00,retail,low,active,Kolkata,salary,False,
ACC-0335,CUST-0335,savings,2022-03-16T12:00:00,retail,low,active,Chennai,salary,False,
ACC-0336,CUST-0336,savings,2022-11-01T12:00:00,retail,low,active,Ahmedabad,student,False,
ACC-0337,CUST-0337,savings,2026-05-11T12:00:00,retail,low,active,Delhi,salary,False,
ACC-0338,CUST-0338,savings,2024-03-09T12:00:00,retail,low,active,Chennai,salary,False,
ACC-0339,CUST-0339,savings,2023-03-12T12:00:00,retail,low,active,Pune,salary,False,
ACC-0340,CUST-0340,savings,2023-06-24T12:00:00,retail,low,active,Pune,salary,False,
ACC-0341,CUST-0341,savings,2022-04-10T12:00:00,retail,low,active,Pune,salary,False,
ACC-0342,CUST-0342,savings,2023-11-29T12:00:00,retail,low,active,Hyderabad,salary,False,
ACC-0343,CUST-0343,savings,2025-02-28T12:00:00,retail,low,active,Delhi,salary,False,
ACC-0344,CUST-0344,current,2024-09-07T12:00:00,corporate,low,active,Delhi,merchant,False,
ACC-0345,CUST-0345,current,2021-02-14T12:00:00,corporate,low,active,Bangalore,merchant,False,
ACC-0346,CUST-0346,savings,2022-04-25T12:00:00,retail,low,active,Ahmedabad,salary,False,
ACC-0347,CUST-0347,savings,2023-02-24T12:00:00,retail,low,active,Hyderabad,salary,False,
ACC-0348,CUST-0348,current,2021-10-14T12:00:00,sme,low,active,Chennai,small_business,False,
ACC-0349,CUST-0349,savings,2024-06-06T12:00:00,retail,low,active,Bangalore,salary,False,
ACC-0350,CUST-0350,savings,2022-06-26T12:00:00,retail,low,active,Bangalore,salary,False,
ACC-0351,CUST-0351,savings,2026-02-24T12:00:00,retail,low,active,Hyderabad,salary,False,
ACC-0352,CUST-0352,savings,2025-09-30T12:00:00,retail,low,active,Ahmedabad,student,False,
ACC-0353,CUST-0353,savings,2026-05-21T12:00:00,retail,low,active,Hyderabad,salary,False,
ACC-0354,CUST-0354,savings,2023-12-26T12:00:00,retail,low,active,Pune,salary,False,
ACC-0355,CUST-0355,savings,2026-03-02T12:00:00,retail,low,active,Hyderabad,salary,False,
ACC-0356,CUST-0356,current,2023-10-11T12:00:00,sme,low,active,Delhi,small_business,False,
ACC-0357,CUST-0357,current,2024-03-17T12:00:00,corporate,low,active,Ahmedabad,merchant,False,
ACC-0358,CUST-0358,savings,2022-12-04T12:00:00,retail,low,active,Mumbai,salary,False,
ACC-0359,CUST-0359,savings,2021-11-27T12:00:00,retail,low,active,Hyderabad,salary,False,
ACC-0360,CUST-0360,savings,2025-01-23T12:00:00,retail,low,active,Delhi,salary,False,
ACC-0361,CUST-0361,savings,2024-02-14T12:00:00,retail,low,active,Chennai,student,False,
ACC-0362,CUST-0362,current,2024-04-27T12:00:00,corporate,low,active,Ahmedabad,merchant,False,
ACC-0363,CUST-0363,current,2024-10-15T12:00:00,sme,low,active,Kolkata,small_business,False,
ACC-0364,CUST-0364,savings,2022-12-22T12:00:00,retail,low,active,Mumbai,salary,False,
ACC-0365,CUST-0365,savings,2022-04-22T12:00:00,retail,low,active,Delhi,student,False,
ACC-0366,CUST-0366,current,2025-04-16T12:00:00,sme,low,active,Chennai,small_business,False,
ACC-0367,CUST-0367,savings,2025-12-31T12:00:00,retail,low,active,Bangalore,salary,False,
ACC-0368,CUST-0368,savings,2023-05-12T12:00:00,retail,low,active,Delhi,salary,False,
ACC-0369,CUST-0369,savings,2024-03-01T12:00:00,retail,low,active,Ahmedabad,salary,False,
ACC-0370,CUST-0370,savings,2023-10-27T12:00:00,retail,low,active,Hyderabad,student,False,
ACC-0371,CUST-0371,savings,2024-11-02T12:00:00,retail,low,active,Hyderabad,salary,False,
ACC-0372,CUST-0372,current,2023-11-29T12:00:00,corporate,low,active,Delhi,merchant,False,
ACC-0373,CUST-0373,savings,2021-04-10T12:00:00,retail,low,active,Hyderabad,student,False,
ACC-0374,CUST-0374,current,2022-12-13T12:00:00,corporate,low,active,Chennai,merchant,False,
ACC-0375,CUST-0375,savings,2023-05-27T12:00:00,retail,low,active,Chennai,salary,False,
ACC-0376,CUST-0376,savings,2021-05-12T12:00:00,retail,low,active,Hyderabad,student,False,
ACC-0377,CUST-0377,current,2026-01-20T12:00:00,corporate,low,active,Mumbai,merchant,False,
ACC-0378,CUST-0378,savings,2024-09-24T12:00:00,retail,low,active,Hyderabad,salary,False,
ACC-0379,CUST-0379,savings,2023-10-30T12:00:00,retail,low,active,Hyderabad,salary,False,
ACC-0380,CUST-0380,savings,2021-03-03T12:00:00,retail,low,active,Hyderabad,student,False,
ACC-0381,CUST-0381,savings,2023-09-08T12:00:00,retail,low,active,Ahmedabad,student,False,
ACC-0382,CUST-0382,savings,2026-03-26T12:00:00,retail,low,active,Kolkata,salary,False,
ACC-0383,CUST-0383,current,2023-01-26T12:00:00,corporate,low,active,Hyderabad,merchant,False,
ACC-0384,CUST-0384,savings,2025-03-04T12:00:00,retail,low,active,Mumbai,salary,False,
ACC-0385,CUST-0385,current,2022-09-08T12:00:00,sme,low,active,Hyderabad,small_business,False,
ACC-0386,CUST-0386,savings,2022-03-06T12:00:00,retail,low,active,Bangalore,student,False,
ACC-0387,CUST-0387,savings,2022-10-20T12:00:00,retail,low,active,Ahmedabad,salary,False,
ACC-0388,CUST-0388,current,2025-06-09T12:00:00,sme,low,active,Kolkata,small_business,False,
ACC-0389,CUST-0389,savings,2023-09-12T12:00:00,retail,low,active,Delhi,student,False,
ACC-0390,CUST-0390,savings,2024-03-01T12:00:00,retail,low,active,Pune,salary,False,
ACC-0391,CUST-0391,savings,2025-11-13T12:00:00,retail,low,active,Bangalore,salary,False,
ACC-0392,CUST-0392,savings,2022-07-26T12:00:00,retail,low,active,Ahmedabad,salary,False,
ACC-0393,CUST-0393,savings,2021-02-26T12:00:00,retail,low,active,Kolkata,salary,False,
ACC-0394,CUST-0394,current,2023-05-16T12:00:00,corporate,low,active,Mumbai,merchant,False,
ACC-0395,CUST-0395,savings,2024-09-09T12:00:00,retail,low,active,Hyderabad,salary,False,
ACC-0396,CUST-0396,savings,2022-02-14T12:00:00,retail,low,active,Kolkata,salary,False,
ACC-0397,CUST-0397,current,2021-10-30T12:00:00,corporate,low,active,Mumbai,merchant,False,
ACC-0398,CUST-0398,savings,2023-05-31T12:00:00,retail,low,active,Ahmedabad,student,False,
ACC-0399,CUST-0399,savings,2025-05-27T12:00:00,retail,low,active,Pune,salary,False,
ACC-0400,CUST-0400,savings,2023-08-30T12:00:00,retail,low,active,Ahmedabad,student,False,
ACC-0401,CUST-0401,current,2025-04-25T12:00:00,corporate,low,active,Hyderabad,merchant,False,
ACC-0402,CUST-0402,savings,2021-04-03T12:00:00,retail,low,active,Hyderabad,student,False,
ACC-0403,CUST-0403,savings,2022-07-16T12:00:00,retail,low,active,Ahmedabad,salary,False,
ACC-0404,CUST-0404,savings,2022-12-03T12:00:00,retail,low,active,Chennai,salary,False,
ACC-0405,CUST-0405,current,2024-09-17T12:00:00,corporate,low,active,Mumbai,merchant,False,
ACC-0406,CUST-0406,savings,2025-12-07T12:00:00,retail,low,active,Chennai,student,False,
ACC-0407,CUST-0407,current,2021-05-03T12:00:00,sme,low,active,Delhi,small_business,False,
ACC-0408,CUST-0408,savings,2025-10-18T12:00:00,retail,low,active,Bangalore,salary,False,
ACC-0409,CUST-0409,savings,2022-06-09T12:00:00,retail,low,active,Hyderabad,salary,False,
ACC-0410,CUST-0410,savings,2024-12-03T12:00:00,retail,low,active,Kolkata,student,False,
ACC-0411,CUST-0411,current,2023-10-22T12:00:00,corporate,low,active,Chennai,merchant,False,
ACC-0412,CUST-0412,savings,2025-08-23T12:00:00,retail,low,active,Kolkata,salary,False,
ACC-0413,CUST-0413,savings,2023-02-04T12:00:00,retail,low,active,Bangalore,salary,False,
ACC-0414,CUST-0414,current,2024-11-27T12:00:00,corporate,low,active,Kolkata,merchant,False,
ACC-0415,CUST-0415,savings,2022-01-14T12:00:00,retail,low,active,Hyderabad,salary,False,
ACC-0416,CUST-0416,current,2024-11-13T12:00:00,corporate,low,active,Hyderabad,merchant,False,
ACC-0417,CUST-0417,current,2023-03-16T12:00:00,corporate,low,active,Ahmedabad,merchant,False,
ACC-0418,CUST-0418,current,2023-12-14T12:00:00,corporate,low,active,Ahmedabad,merchant,False,
ACC-0419,CUST-0419,savings,2023-05-12T12:00:00,retail,low,active,Kolkata,salary,False,
ACC-0420,CUST-0420,savings,2024-08-25T12:00:00,retail,low,active,Chennai,salary,False,
ACC-0421,CUST-0421,current,2025-02-11T12:00:00,sme,low,active,Kolkata,small_business,False,
ACC-0422,CUST-0422,savings,2022-02-08T12:00:00,retail,low,active,Kolkata,salary,False,
ACC-0423,CUST-0423,savings,2022-04-12T12:00:00,retail,low,active,Ahmedabad,salary,False,
ACC-0424,CUST-0424,current,2021-11-27T12:00:00,corporate,low,active,Kolkata,merchant,False,
ACC-0425,CUST-0425,savings,2022-09-25T12:00:00,retail,low,active,Bangalore,salary,False,
ACC-0426,CUST-0426,savings,2026-04-01T12:00:00,retail,low,active,Bangalore,salary,False,
ACC-0427,CUST-0427,savings,2023-02-23T12:00:00,retail,low,active,Pune,student,False,
ACC-0428,CUST-0428,current,2021-07-21T12:00:00,corporate,low,active,Ahmedabad,merchant,False,
ACC-0429,CUST-0429,savings,2021-05-08T12:00:00,retail,low,active,Ahmedabad,salary,False,
ACC-0430,CUST-0430,savings,2025-08-24T12:00:00,retail,low,active,Kolkata,salary,False,
ACC-0431,CUST-0431,current,2025-08-03T12:00:00,corporate,low,active,Delhi,merchant,False,
ACC-0432,CUST-0432,savings,2024-12-20T12:00:00,retail,low,active,Pune,salary,False,
ACC-0433,CUST-0433,savings,2024-03-23T12:00:00,retail,low,active,Delhi,student,False,
ACC-0434,CUST-0434,current,2021-09-04T12:00:00,corporate,low,active,Kolkata,merchant,False,
ACC-0435,CUST-0435,current,2022-12-10T12:00:00,sme,low,active,Ahmedabad,small_business,False,
ACC-0436,CUST-0436,current,2026-04-03T12:00:00,corporate,low,active,Delhi,merchant,False,
ACC-0437,CUST-0437,savings,2022-08-14T12:00:00,retail,low,active,Hyderabad,salary,False,
ACC-0438,CUST-0438,current,2022-04-08T12:00:00,sme,low,active,Delhi,small_business,False,
ACC-0439,CUST-0439,savings,2025-11-26T12:00:00,retail,low,active,Delhi,salary,False,
ACC-0440,CUST-0440,savings,2022-07-25T12:00:00,retail,low,active,Hyderabad,salary,False,
ACC-0441,CUST-0441,current,2026-03-13T12:00:00,sme,low,active,Pune,small_business,False,
ACC-0442,CUST-0442,current,2024-10-23T12:00:00,corporate,low,active,Pune,merchant,False,
ACC-0443,CUST-0443,savings,2025-08-21T12:00:00,retail,low,active,Chennai,salary,False,
ACC-0444,CUST-0444,savings,2023-04-13T12:00:00,retail,low,active,Bangalore,student,False,
ACC-0445,CUST-0445,savings,2026-01-05T12:00:00,retail,low,active,Kolkata,salary,False,
ACC-0446,CUST-0446,savings,2025-02-07T12:00:00,retail,low,active,Ahmedabad,student,False,
ACC-0447,CUST-0447,current,2025-08-26T12:00:00,sme,low,active,Chennai,small_business,False,
ACC-0448,CUST-0448,savings,2025-01-11T12:00:00,retail,low,active,Ahmedabad,salary,False,
ACC-0449,CUST-0449,savings,2026-05-27T12:00:00,retail,low,active,Ahmedabad,salary,False,
ACC-0450,CUST-0450,current,2022-08-28T12:00:00,sme,low,active,Bangalore,small_business,False,
ACC-0451,CUST-0451,savings,2021-02-26T12:00:00,retail,low,active,Pune,salary,False,
ACC-0452,CUST-0452,current,2024-10-11T12:00:00,sme,low,active,Kolkata,small_business,False,
ACC-0453,CUST-0453,savings,2023-11-23T12:00:00,retail,low,active,Hyderabad,student,False,
ACC-0454,CUST-0454,savings,2024-04-19T12:00:00,retail,low,active,Ahmedabad,salary,False,
ACC-0455,CUST-0455,savings,2024-04-25T12:00:00,retail,low,active,Pune,salary,False,
ACC-0456,CUST-0456,savings,2022-07-14T12:00:00,retail,low,active,Hyderabad,student,False,
ACC-0457,CUST-0457,savings,2021-10-20T12:00:00,retail,low,active,Kolkata,salary,False,
ACC-0458,CUST-0458,savings,2023-04-13T12:00:00,retail,low,active,Mumbai,salary,False,
ACC-0459,CUST-0459,current,2022-04-11T12:00:00,sme,low,active,Ahmedabad,small_business,False,
ACC-0460,CUST-0460,current,2021-05-23T12:00:00,corporate,low,active,Hyderabad,merchant,False,
ACC-0461,CUST-0461,current,2025-03-01T12:00:00,corporate,low,active,Pune,merchant,False,
ACC-0462,CUST-0462,savings,2025-05-22T12:00:00,retail,low,active,Hyderabad,salary,False,
ACC-0463,CUST-0463,savings,2022-05-31T12:00:00,retail,low,active,Bangalore,student,False,
ACC-0464,CUST-0464,savings,2021-05-22T12:00:00,retail,low,active,Mumbai,student,False,
ACC-0465,CUST-0465,savings,2023-12-26T12:00:00,retail,low,active,Mumbai,salary,False,
ACC-0466,CUST-0466,savings,2022-05-08T12:00:00,retail,low,active,Bangalore,student,False,
ACC-0467,CUST-0467,savings,2024-10-19T12:00:00,retail,low,active,Pune,salary,False,
ACC-0468,CUST-0468,current,2025-06-21T12:00:00,corporate,low,active,Chennai,merchant,False,
ACC-0469,CUST-0469,savings,2023-06-07T12:00:00,retail,low,active,Pune,salary,False,
ACC-0470,CUST-0470,savings,2021-05-02T12:00:00,retail,low,active,Hyderabad,student,False,
ACC-0471,CUST-0471,current,2025-01-05T12:00:00,corporate,low,active,Ahmedabad,merchant,False,
ACC-0472,CUST-0472,current,2024-10-19T12:00:00,sme,low,active,Pune,small_business,False,
ACC-0473,CUST-0473,current,2023-10-30T12:00:00,corporate,low,active,Delhi,merchant,False,
ACC-0474,CUST-0474,savings,2025-03-10T12:00:00,retail,low,active,Kolkata,salary,False,
ACC-0475,CUST-0475,current,2021-12-11T12:00:00,sme,low,active,Pune,small_business,False,
ACC-0476,CUST-0476,savings,2024-03-29T12:00:00,retail,low,active,Mumbai,salary,False,
ACC-0477,CUST-0477,savings,2025-10-05T12:00:00,retail,low,active,Ahmedabad,salary,False,
ACC-0478,CUST-0478,savings,2022-04-04T12:00:00,retail,low,active,Hyderabad,salary,False,
ACC-0479,CUST-0479,savings,2021-11-04T12:00:00,retail,low,active,Pune,student,False,
ACC-0480,CUST-0480,savings,2025-02-22T12:00:00,retail,low,active,Ahmedabad,salary,False,
ACC-0481,CUST-0481,savings,2021-07-01T12:00:00,retail,low,active,Pune,salary,False,
ACC-0482,CUST-0482,current,2025-03-19T12:00:00,sme,low,active,Delhi,small_business,False,
ACC-0483,CUST-0483,savings,2023-11-08T12:00:00,retail,low,active,Hyderabad,student,False,
ACC-0484,CUST-0484,savings,2025-10-20T12:00:00,retail,low,active,Bangalore,student,False,
ACC-0485,CUST-0485,savings,2026-03-31T12:00:00,retail,low,active,Hyderabad,salary,False,
ACC-0486,CUST-0486,current,2025-10-21T12:00:00,sme,low,active,Delhi,small_business,False,
ACC-0487,CUST-0487,savings,2023-06-11T12:00:00,retail,low,active,Bangalore,salary,False,
ACC-0488,CUST-0488,savings,2024-05-17T12:00:00,retail,low,active,Kolkata,salary,False,
ACC-0489,CUST-0489,savings,2022-05-19T12:00:00,retail,low,active,Bangalore,student,False,
ACC-0490,CUST-0490,current,2022-10-13T12:00:00,corporate,low,active,Delhi,merchant,False,
ACC-0491,CUST-0491,current,2023-01-02T12:00:00,corporate,low,active,Kolkata,merchant,False,
ACC-0492,CUST-0492,current,2024-11-20T12:00:00,sme,low,active,Mumbai,small_business,False,
ACC-0493,CUST-0493,savings,2025-03-28T12:00:00,retail,low,active,Ahmedabad,student,False,
ACC-0494,CUST-0494,savings,2025-02-17T12:00:00,retail,low,active,Pune,salary,False,
ACC-0495,CUST-0495,savings,2022-08-11T12:00:00,retail,low,active,Pune,salary,False,
ACC-0496,CUST-0496,savings,2022-11-03T12:00:00,retail,low,active,Pune,student,False,
ACC-0497,CUST-0497,savings,2024-11-27T12:00:00,retail,low,active,Chennai,salary,False,
ACC-0498,CUST-0498,current,2021-02-18T12:00:00,sme,low,active,Ahmedabad,small_business,False,
ACC-0499,CUST-0499,savings,2025-04-07T12:00:00,retail,low,active,Mumbai,salary,False,
ACC-0500,CUST-0500,savings,2024-08-01T12:00:00,retail,low,active,Chennai,salary,False,
ACC-0501,CUST-0501,current,2022-01-16T12:00:00,sme,low,active,Chennai,small_business,False,
ACC-0502,CUST-0502,savings,2022-03-01T12:00:00,retail,low,active,Chennai,salary,False,
ACC-0503,CUST-0503,savings,2021-11-23T12:00:00,retail,low,active,Chennai,student,False,
ACC-0504,CUST-0504,savings,2025-08-17T12:00:00,retail,low,active,Mumbai,salary,False,
ACC-0505,CUST-0505,savings,2025-08-23T12:00:00,retail,low,active,Bangalore,salary,False,
ACC-0506,CUST-0506,savings,2021-12-23T12:00:00,retail,low,active,Bangalore,student,False,
ACC-0507,CUST-0507,savings,2021-08-06T12:00:00,retail,low,active,Mumbai,salary,False,
ACC-0508,CUST-0508,savings,2024-06-12T12:00:00,retail,low,active,Chennai,salary,False,
ACC-0509,CUST-0509,savings,2026-05-14T12:00:00,retail,low,active,Bangalore,student,False,
ACC-0510,CUST-0510,savings,2025-09-29T12:00:00,retail,low,active,Kolkata,salary,False,
ACC-0511,CUST-0511,savings,2022-04-10T12:00:00,retail,low,active,Delhi,student,False,
ACC-0512,CUST-0512,savings,2022-02-03T12:00:00,retail,low,active,Pune,salary,False,
ACC-0513,CUST-0513,savings,2025-11-04T12:00:00,retail,low,active,Ahmedabad,student,False,
ACC-0514,CUST-0514,savings,2021-02-25T12:00:00,retail,low,active,Mumbai,student,False,
ACC-0515,CUST-0515,current,2021-05-11T12:00:00,corporate,low,active,Hyderabad,merchant,False,
ACC-0516,CUST-0516,savings,2026-04-13T12:00:00,retail,low,active,Mumbai,salary,False,
ACC-0517,CUST-0517,current,2021-09-14T12:00:00,sme,low,active,Kolkata,small_business,False,
ACC-0518,CUST-0518,savings,2025-11-06T12:00:00,retail,low,active,Ahmedabad,salary,False,
ACC-0519,CUST-0519,current,2023-12-20T12:00:00,corporate,low,active,Delhi,merchant,False,
ACC-0520,CUST-0520,current,2024-08-25T12:00:00,corporate,low,active,Bangalore,merchant,False,
ACC-0521,CUST-0521,savings,2024-11-29T12:00:00,retail,low,active,Pune,salary,False,
ACC-0522,CUST-0522,savings,2023-02-08T12:00:00,retail,low,active,Hyderabad,salary,False,
ACC-0523,CUST-0523,savings,2023-01-23T12:00:00,retail,low,active,Kolkata,salary,False,
ACC-0524,CUST-0524,savings,2022-07-09T12:00:00,retail,low,active,Delhi,salary,False,
ACC-0525,CUST-0525,current,2022-10-21T12:00:00,corporate,low,active,Chennai,merchant,False,
ACC-0526,CUST-0526,savings,2021-06-23T12:00:00,retail,low,active,Chennai,salary,False,
ACC-0527,CUST-0527,savings,2021-10-25T12:00:00,retail,low,active,Ahmedabad,salary,False,
ACC-0528,CUST-0528,savings,2022-05-13T12:00:00,retail,low,active,Delhi,salary,False,
ACC-0529,CUST-0529,savings,2024-09-13T12:00:00,retail,low,active,Hyderabad,salary,False,
ACC-0530,CUST-0530,savings,2025-08-07T12:00:00,retail,low,active,Ahmedabad,salary,False,
ACC-0531,CUST-0531,savings,2021-10-16T12:00:00,retail,low,active,Delhi,salary,False,
ACC-0532,CUST-0532,savings,2025-11-30T12:00:00,retail,low,active,Pune,salary,False,
ACC-0533,CUST-0533,current,2023-05-03T12:00:00,corporate,low,active,Mumbai,merchant,False,
ACC-0534,CUST-0534,savings,2023-04-22T12:00:00,retail,low,active,Pune,student,False,
ACC-0535,CUST-0535,savings,2024-02-25T12:00:00,retail,low,active,Pune,student,False,
ACC-0536,CUST-0536,current,2021-03-06T12:00:00,corporate,low,active,Kolkata,merchant,False,
ACC-0537,CUST-0537,current,2022-05-31T12:00:00,corporate,low,active,Mumbai,merchant,False,
ACC-0538,CUST-0538,current,2023-02-02T12:00:00,sme,low,active,Hyderabad,small_business,False,
ACC-0539,CUST-0539,savings,2023-03-20T12:00:00,retail,low,active,Chennai,salary,False,
ACC-0540,CUST-0540,savings,2023-10-02T12:00:00,retail,low,active,Chennai,salary,False,
ACC-0541,CUST-0541,current,2024-06-28T12:00:00,corporate,low,active,Pune,merchant,False,
ACC-0542,CUST-0542,savings,2024-11-22T12:00:00,retail,low,active,Chennai,salary,False,
ACC-0543,CUST-0543,current,2021-09-19T12:00:00,corporate,low,active,Mumbai,merchant,False,
ACC-0544,CUST-0544,savings,2022-10-07T12:00:00,retail,low,active,Hyderabad,student,False,
ACC-0545,CUST-0545,savings,2024-12-03T12:00:00,retail,low,active,Hyderabad,salary,False,
ACC-0546,CUST-0546,current,2024-06-27T12:00:00,sme,low,active,Mumbai,small_business,False,
ACC-0547,CUST-0547,savings,2025-08-26T12:00:00,retail,low,active,Kolkata,salary,False,
ACC-0548,CUST-0548,savings,2022-04-20T12:00:00,retail,low,active,Mumbai,salary,False,
ACC-0549,CUST-0549,savings,2023-06-25T12:00:00,retail,low,active,Chennai,salary,False,
ACC-0550,CUST-0550,savings,2023-11-29T12:00:00,retail,low,active,Pune,salary,False,
ACC-0551,CUST-0551,savings,2024-09-15T12:00:00,retail,low,active,Pune,salary,False,
ACC-0552,CUST-0552,current,2023-04-10T12:00:00,corporate,low,active,Delhi,merchant,False,
ACC-0553,CUST-0553,current,2025-08-01T12:00:00,corporate,low,active,Bangalore,merchant,False,
ACC-0554,CUST-0554,current,2026-03-06T12:00:00,corporate,low,active,Delhi,merchant,False,
ACC-0555,CUST-0555,savings,2022-09-29T12:00:00,retail,low,active,Kolkata,salary,False,
ACC-0556,CUST-0556,savings,2023-12-23T12:00:00,retail,low,active,Kolkata,salary,False,
ACC-0557,CUST-0557,savings,2022-03-22T12:00:00,retail,low,active,Delhi,salary,False,
ACC-0558,CUST-0558,savings,2025-10-31T12:00:00,retail,low,active,Hyderabad,salary,False,
ACC-0559,CUST-0559,savings,2023-02-17T12:00:00,retail,low,active,Ahmedabad,student,False,
ACC-0560,CUST-0560,savings,2024-09-22T12:00:00,retail,low,active,Mumbai,student,False,
ACC-0561,CUST-0561,savings,2023-02-04T12:00:00,retail,low,active,Mumbai,salary,False,
ACC-0562,CUST-0562,savings,2024-10-06T12:00:00,retail,low,active,Chennai,salary,False,
ACC-0563,CUST-0563,current,2022-03-03T12:00:00,corporate,low,active,Hyderabad,merchant,False,
ACC-0564,CUST-0564,savings,2025-10-13T12:00:00,retail,low,active,Mumbai,salary,False,
ACC-0565,CUST-0565,savings,2024-01-16T12:00:00,retail,low,active,Bangalore,salary,False,
ACC-0566,CUST-0566,savings,2023-06-21T12:00:00,retail,low,active,Chennai,salary,False,
ACC-0567,CUST-0567,savings,2021-10-13T12:00:00,retail,low,active,Pune,student,False,
ACC-0568,CUST-0568,savings,2021-08-16T12:00:00,retail,low,active,Mumbai,salary,False,
ACC-0569,CUST-0569,savings,2023-11-17T12:00:00,retail,low,active,Delhi,salary,False,
ACC-0570,CUST-0570,current,2023-03-24T12:00:00,corporate,low,active,Kolkata,merchant,False,
ACC-0571,CUST-0571,savings,2022-06-23T12:00:00,retail,low,active,Kolkata,student,False,
ACC-0572,CUST-0572,savings,2024-03-08T12:00:00,retail,low,active,Mumbai,salary,False,
ACC-0573,CUST-0573,current,2025-06-29T12:00:00,sme,low,active,Ahmedabad,small_business,False,
ACC-0574,CUST-0574,current,2021-04-19T12:00:00,corporate,low,active,Pune,merchant,False,
ACC-0575,CUST-0575,savings,2021-09-20T12:00:00,retail,low,active,Delhi,salary,False,
ACC-0576,CUST-0576,savings,2023-02-25T12:00:00,retail,low,active,Kolkata,salary,False,
ACC-0577,CUST-0577,savings,2024-03-27T12:00:00,retail,low,active,Hyderabad,student,False,
ACC-0578,CUST-0578,current,2025-03-19T12:00:00,corporate,low,active,Pune,merchant,False,
ACC-0579,CUST-0579,current,2026-01-10T12:00:00,corporate,low,active,Delhi,merchant,False,
ACC-0580,CUST-0580,savings,2025-05-14T12:00:00,retail,low,active,Pune,student,False,
ACC-0581,CUST-0581,savings,2021-01-30T12:00:00,retail,low,active,Bangalore,salary,False,
ACC-0582,CUST-0582,savings,2025-08-20T12:00:00,retail,low,active,Hyderabad,salary,False,
ACC-0583,CUST-0583,savings,2023-01-29T12:00:00,retail,low,active,Bangalore,salary,False,
ACC-0584,CUST-0584,current,2022-10-12T12:00:00,corporate,low,active,Delhi,merchant,False,
ACC-0585,CUST-0585,savings,2022-02-14T12:00:00,retail,low,active,Ahmedabad,salary,False,
ACC-0586,CUST-0586,savings,2023-04-18T12:00:00,retail,low,active,Ahmedabad,salary,False,
ACC-0587,CUST-0587,savings,2021-07-05T12:00:00,retail,low,active,Pune,student,False,
ACC-0588,CUST-0588,current,2022-12-09T12:00:00,corporate,low,active,Pune,merchant,False,
ACC-0589,CUST-0589,savings,2026-01-27T12:00:00,retail,low,active,Ahmedabad,salary,False,
ACC-0590,CUST-0590,savings,2024-10-03T12:00:00,retail,low,active,Hyderabad,salary,False,
ACC-0591,CUST-0591,savings,2024-06-25T12:00:00,retail,low,active,Delhi,student,False,
ACC-0592,CUST-0592,savings,2023-12-03T12:00:00,retail,low,active,Mumbai,salary,False,
